272E2BFA6ECE465C992B0BDC3C585DB4,CSO,Courts,,BCREGISTRY
9858DF42F5D24EC5A77B738C3E2234A8,CSO,Courts,972,BCREGISTRY
186B19B4671545EE9FB76BC8DEECD266,CSO,Courts,972,BCREGISTRY
01E242F88A66475586C2F2B13C5445FA,CSO,Courts,972,BCREGISTRY
373A5062C47D4B99B3A335154BD6157B,CSO,Courts,972,BCREGISTRY
69BE414B57364494915283B0A59A28D5,CSO,Courts,972,BCREGISTRY
36C2B00AF8114606AD7FE48DFC5B4706,CSO,Courts,972,BCREGISTRY
5EDDA22161C043AB9D508158BF4A7828,CSO,Courts,972,BCREGISTRY
1AA0200F11E4487D96A7FFBE8F119101,CSO,Courts,,CAP
229A95B3B3FC47338F228761ABD84151,CSO,Courts,,CAP
272E2BFA6ECE465C992B0BDC3C585DB7,CSO,Courts,,CAP
2B6BCB83F5AE45F7880584F95D7CBB5A,CSO,Courts,,CAP
46272074550D41689DEB776B4369DD7E,CSO,Courts,,CAP
46BF790E7F1D454280F74028BFF53E61,CSO,Courts,,CAP
4A2E780833F24EE1AD44269F94303881,CSO,Courts,,CAP
5578BECF05D14D7FB599D2A91AF692F3,CSO,Courts,,CAP
557BAB0649F34D74BA6EEEC907A28F60,CSO,Courts,,CAP
5EFAFAF343E147C0AC07231F229A795E,CSO,Courts,,CAP
6574C19A6C8744B8B940CC2BDE1FD7A4,CSO,Courts,,CAP
69BE414B57364494915283B0A59A28D5,CSO,Courts,,CAP
761129EC4DD644799DDB226D289316A0,CSO,Courts,,CAP
8E362FADAA974075A1074179A41EFF16,CSO,Courts,,CAP
CA25189278C247CEBE520D47CD981580,CSO,Courts,,CAP
CSOACCOUNT1092089503692,CSO,Courts,,CAP
CSOACCOUNT1092089682238,CSO,Courts,,CAP
CSOACCOUNT1092444445667,CSO,Courts,,CAP
CSOACCOUNT1092680627781,CSO,Courts,,CAP
0702FB05503446C5A4EFE65990F9FB88,CSO,Courts,,CAP
0E0E5C799FEB42968A92A343B21F9C49,CSO,Courts,,CAP
1FD3A1620FCA4932A3BC98900F106CBD,CSO,Courts,,CAP
21F77DC6CE6948FAA5B4CF204728172D,CSO,Courts,,CAP
36C2B00AF8114606AD7FE48DFC5B4706,CSO,Courts,,CAP
4636963CED2B4CEFBCA3C92DE71CC091,CSO,Courts,,CAP
475E5F6A0C3543529394FF034338C446,CSO,Courts,,CAP
47A6B54E7ACA4B5FABD5A688ADBB20E3,CSO,Courts,,CAP
70477AAEAA51484BA15FF65583053796,CSO,Courts,,CAP
80AD31DA0B8B4E858F05F693CF0B300D,CSO,Courts,,CAP
A12EB4D8EB343F4A80B8E4E9534EF,CSO,Courts,,CAP
A2DC091BCDB148B0A9A5F7CA1D9B413A,CSO,Courts,,CAP
B34FDAF7F07D4D778257688504799582,CSO,Courts,,CAP
C5059396672042109D359339CCA49474,CSO,Courts,,CAP
C88923E17C0843FCB34E318CDD177A41,CSO,Courts,,CAP
CSOACCOUNT1092446070323,CSO,Courts,,CAP
CSOACCOUNT1092671086026,CSO,Courts,,CAP
CSOACCOUNT1092678574866,CSO,Courts,,CAP
CSOACCOUNT1092680713281,CSO,Courts,,CAP
45FDD2FC82C24B669B300B38FCDACD2B,CSO,Courts,,CAP
51DD9B92E06942728927FD39931C546B,CSO,Courts,,CAP
54BLEBYUJYGPJGZOKUYMFHTKR6HZNSVK,CSO,Courts,,CAP
55D5EB7D23A24C068D87BA26BA029A64,CSO,Courts,,CAP
743126FCE6EB4B5D85285CF82EDF1555,CSO,Courts,,CAP
83DDAF914A294844ABCA40CE52CDB80F,CSO,Courts,,CAP
90A5E1D595784573B96502F870780B1F,CSO,Courts,,CAP
93DFB433B6184C269E01B1D43E063AFA,CSO,Courts,,CAP
AC2B01A7F7BC4046B68B3D356F57F0C1,CSO,Courts,,CAP
BE750237574B457282B54F0174612146,CSO,Courts,,CAP
CB6AA655F7C548BBB6FD8E5F3ACE26C3,CSO,Courts,,CAP
CSOACCOUNT1092446017197,CSO,Courts,,CAP
CSOACCOUNT1092676718765,CSO,Courts,,CAP
183DC290CFDF4D6BA8565A27AB6693D5,CSO,Courts,,CAP
1EC0313EF24F422889EA7B49E414CF83,CSO,Courts,,CAP
27B891C11767413B8D0F73AC82F29997,CSO,Courts,,CAP
373A5062C47D4B99B3A335154BD6157B,CSO,Courts,,CAP
3938CEF8534146AEA5D2EFDCDAC622F8,CSO,Courts,,CAP
3A2F5724F86D4857A37B9DF78AA9D348,CSO,Courts,,CAP
46699AB3213744808BA1E8F5A854BC61,CSO,Courts,,CAP
4F4BD520A1FB478F8AA8F9F67BB61AA5,CSO,Courts,,CAP
745123CCB6C541D580090C50CF8ED7FA,CSO,Courts,,CAP
92043757594A4B1383BF87A1E048406D,CSO,Courts,,CAP
A137702CBCA345E3AEA16E0EE2DA7F04,CSO,Courts,,CAP
ACC47C2BF2DA478BB8183B22053ED813,CSO,Courts,,CAP
C5775E82D3FB491AA9A744EE35E5A22F,CSO,Courts,,CAP
CSOACCOUNT1092446929156,CSO,Courts,,CAP
CSOACCOUNT1092446954969,CSO,Courts,,CAP
CSOACCOUNT1092448372786,CSO,Courts,,CAP
CSOACCOUNT1092674635339,CSO,Courts,,CAP
CSOACCOUNT1092674674452,CSO,Courts,,CAP
CSOACCOUNT1092679452064,CSO,Courts,,CAP
14FDA39B0EF84A608CE3BF228166E1D3,CSO,Courts,,CAP
5FBC2EB9EB554E1AA5BC48703AA196B0,CSO,Courts,,CAP
62618AF5564A4613B439CA136CF03BF2,CSO,Courts,,CAP
6A4B967AE8C84E84853B273F00164D1D,CSO,Courts,,CAP
77D40C365D704ACDAF3AE9047FFCEDF7,CSO,Courts,,CAP
7FC5ECEDCB4D45BF8F43CB27C5C27524,CSO,Courts,,CAP
9CA419A2B4D4474796FA9422AA1B4CC7,CSO,Courts,,CAP
B8AFAA63215D428C9E9F21A617228BC9,CSO,Courts,,CAP
BA589724D21347DE81BAAEE02FA5D495,CSO,Courts,,CAP
BE8969C1F93E4113A6B77DD144FEFDB4,CSO,Courts,,CAP
CSOACCOUNT1092446534982,CSO,Courts,,CAP
153CFBDA8A1842A4B648D0182D51BB04,CSO,Courts,,CAP
186B19B4671545EE9FB76BC8DEECD266,CSO,Courts,,CAP
1A4595685F964F629CFF44B05F8FBB8D,CSO,Courts,,CAP
272E2BFA6ECE465C992B0BDC3C585DB4,CSO,Courts,,CAP
2F40A53EE3344CEFAB33BEB924E22500,CSO,Courts,,CAP
44AFC3A8ECAF4B41A206DBD1C24D90E6,CSO,Courts,,CAP
53993F22BE6743B994F2222ECA1B3BF7,CSO,Courts,,CAP
593304C18D064C1EA285793360984F58,CSO,Courts,,CAP
5E401F7DCBC6453F9042700D9BF2D437,CSO,Courts,,CAP
5E65D311B7244426831C60346A577717,CSO,Courts,,CAP
5EDDA22161C043AB9D508158BF4A7828,CSO,Courts,,CAP
69C2A4BB03EA48F9880206D428384884,CSO,Courts,,CAP
71FF3B8C58C54579A1D5F821EBF34CD5,CSO,Courts,,CAP
7A8A11205E2240109F47FD6B7A4DFF7C,CSO,Courts,,CAP
899cff6f74545ed370cf8cd450b150f9c199db74,CSO,Courts,,CAP
8D340790987F79418DF1D3F3A5FA9,CSO,Courts,,CAP
C209917C301C416E9C8B5F3CC51C362B,CSO,Courts,,CAP
CF5927DC29694F62AE13577C6CA93D71,CSO,Courts,,CAP
CSOACCOUNT1092446441957,CSO,Courts,,CAP
CSOACCOUNT1092446472486,CSO,Courts,,CAP
CSOACCOUNT1092447503516,CSO,Courts,,CAP
14D5A2FB56ED488395D7BE4B7AC19BF5,CSO,Courts,,CAP
2AEZ6NRSNYZYT6PUSF6DDZVLJCT4N43B,CSO,Courts,,CAP
54FF67CA89D342FFAD20127758E40255,CSO,Courts,,CAP
624F3A2FB3814ADC83785BDC6D2AD1AB,CSO,Courts,,CAP
692E053195AD40F996AF39AC69840086,CSO,Courts,,CAP
7D87ACC66BB042BEADE2C2CC2B059D49,CSO,Courts,,CAP
81AFB71F18814C5485B17B811D786038,CSO,Courts,,CAP
95C3D9B2506C4DF69692B8733457667B,CSO,Courts,,CAP
9858DF42F5D24EC5A77B738C3E2234A8,CSO,Courts,,CAP
A198155EDF4D426FA070BE779A4A463A,CSO,Courts,,CAP
ADE9F711D8C5402E8F705F0A1D4CC181,CSO,Courts,,CAP
B02F2D0F367E4575BC782A414DC9365D,CSO,Courts,,CAP
B8C48148965D4F3795E12ED8F285305A,CSO,Courts,,CAP
CSOACCOUNT1092676259564,CSO,Courts,,CAP
CSOACCOUNT1092680747813,CSO,Courts,,CAP
01E242F88A66475586C2F2B13C5445FA,CSO,Courts,,CAP
26336072CBA44B6E871B5355D27DF9B3,CSO,Courts,,CAP
343F4A80B8E4EA12EB4D8EB9534EF,CSO,Courts,,CAP
430D7BAC3F8E4F6EB908250B01FD1CAB,CSO,Courts,,CAP
54688A38D18043EEB156FAB687358C46,CSO,Courts,,CAP
946D2AA0417741ABB33FEAE049F23362,CSO,Courts,,CAP
BC7F1789D78D42809C84AD1B68313CDD,CSO,Courts,,CAP
CSOACCOUNT,CSO,Courts,,CAP
CSOACCOUNT1092447490595,CSO,Courts,,CAP
CSOACCOUNT1092448153135,CSO,Courts,,CAP
CSOACCOUNT1092679890832,CSO,Courts,,CAP
CSOACCOUNT1092680685109,CSO,Courts,,CAP
1,CSO,Courts,,BCONLINE
232936,CSO,Courts,,BCONLINE
409594,CSO,Courts,,BCONLINE
19553.0734,CSO,Courts,,AGENCY
19615.0734,CSO,Courts,,AGENCY
19616.0734,CSO,Courts,,AGENCY
19592.0734,CSO,Courts,,AGENCY
106.0001,CSO,Courts,,AGENCY
107.0001,CSO,Courts,,AGENCY
108.0001,CSO,Courts,,AGENCY
109.0001,CSO,Courts,,AGENCY
110.0001,CSO,Courts,,AGENCY
111.0001,CSO,Courts,,AGENCY
112.0001,CSO,Courts,,AGENCY
113.0001,CSO,Courts,,AGENCY
114.0001,CSO,Courts,,AGENCY
115.0001,CSO,Courts,,AGENCY
116.0001,CSO,Courts,,AGENCY
117.0001,CSO,Courts,,AGENCY
118.0001,CSO,Courts,,AGENCY
119.0001,CSO,Courts,,AGENCY
120.0001,CSO,Courts,,AGENCY
121.0001,CSO,Courts,,AGENCY
122.0001,CSO,Courts,,AGENCY
123.0001,CSO,Courts,,AGENCY
124.0001,CSO,Courts,,AGENCY
8805.0001,CSO,Courts,,AGENCY
8807.0001,CSO,Courts,,AGENCY
8813.0001,CSO,Courts,,AGENCY
8823.0001,CSO,Courts,,AGENCY
8824.0001,CSO,Courts,,AGENCY
8834.0001,CSO,Courts,,AGENCY
8837.0001,CSO,Courts,,AGENCY
8839.0001,CSO,Courts,,AGENCY
8841.0001,CSO,Courts,,AGENCY
8844.0001,CSO,Courts,,AGENCY
10245.0001,CSO,Courts,,AGENCY
10246.0001,CSO,Courts,,AGENCY
10247.0001,CSO,Courts,,AGENCY
10248.0001,CSO,Courts,,AGENCY
10249.0001,CSO,Courts,,AGENCY
10250.0001,CSO,Courts,,AGENCY
10252.0001,CSO,Courts,,AGENCY
10253.0001,CSO,Courts,,AGENCY
10254.0001,CSO,Courts,,AGENCY
10255.0001,CSO,Courts,,AGENCY
10256.0001,CSO,Courts,,AGENCY
10257.0001,CSO,Courts,,AGENCY
10258.0001,CSO,Courts,,AGENCY
10266.0001,CSO,Courts,,AGENCY
10267.0001,CSO,Courts,,AGENCY
10268.0001,CSO,Courts,,AGENCY
10912.0026,CSO,Courts,,AGENCY
16164.0026,CSO,Courts,,AGENCY
18817.0045,CSO,Courts,,AGENCY
19187.0734,CSO,Courts,,AGENCY
19227.0734,CSO,Courts,,AGENCY
19228.0734,CSO,Courts,,AGENCY
22.0001,CSO,Courts,,AGENCY
23.0001,CSO,Courts,,AGENCY
27.0001,CSO,Courts,,AGENCY
28.0001,CSO,Courts,,AGENCY
29.0001,CSO,Courts,,AGENCY
77.0001,CSO,Courts,,AGENCY
78.0001,CSO,Courts,,AGENCY
79.0001,CSO,Courts,,AGENCY
80.0001,CSO,Courts,,AGENCY
81.0001,CSO,Courts,,AGENCY
82.0001,CSO,Courts,,AGENCY
83.0001,CSO,Courts,,AGENCY
84.0001,CSO,Courts,,AGENCY
85.0001,CSO,Courts,,AGENCY
87.0001,CSO,Courts,,AGENCY
88.0001,CSO,Courts,,AGENCY
89.0001,CSO,Courts,,AGENCY
90.0001,CSO,Courts,,AGENCY
91.0001,CSO,Courts,,AGENCY
92.0001,CSO,Courts,,AGENCY
93.0001,CSO,Courts,,AGENCY
94.0001,CSO,Courts,,AGENCY
95.0001,CSO,Courts,,AGENCY
96.0001,CSO,Courts,,AGENCY
104.0001,CSO,Courts,,AGENCY
105.0001,CSO,Courts,,AGENCY
9062.0001,CSO,Courts,,AGENCY
9064.0001,CSO,Courts,,AGENCY
9067.0001,CSO,Courts,,AGENCY
9068.0001,CSO,Courts,,AGENCY
9070.0001,CSO,Courts,,AGENCY
9071.0001,CSO,Courts,,AGENCY
9072.0001,CSO,Courts,,AGENCY
9073.0001,CSO,Courts,,AGENCY
9074.0001,CSO,Courts,,AGENCY
9075.0001,CSO,Courts,,AGENCY
9144.0001,CSO,Courts,,AGENCY
9393.0001,CSO,Courts,,AGENCY
10230.0001,CSO,Courts,,AGENCY
10231.0001,CSO,Courts,,AGENCY
10232.0001,CSO,Courts,,AGENCY
10233.0001,CSO,Courts,,AGENCY
10234.0001,CSO,Courts,,AGENCY
10235.0001,CSO,Courts,,AGENCY
10236.0001,CSO,Courts,,AGENCY
10237.0001,CSO,Courts,,AGENCY
10238.0001,CSO,Courts,,AGENCY
10239.0001,CSO,Courts,,AGENCY
10240.0001,CSO,Courts,,AGENCY
10241.0001,CSO,Courts,,AGENCY
10243.0001,CSO,Courts,,AGENCY
10244.0001,CSO,Courts,,AGENCY
