CSO,Courts,1AA0200F11E4487D96A7FFBE8F119101,CAP
CSO,Courts,229A95B3B3FC47338F228761ABD84151,CAP
CSO,Courts,272E2BFA6ECE465C992B0BDC3C585DB7,CAP
CSO,Courts,2B6BCB83F5AE45F7880584F95D7CBB5A,CAP
CSO,Courts,46272074550D41689DEB776B4369DD7E,CAP
CSO,Courts,46BF790E7F1D454280F74028BFF53E61,CAP
CSO,Courts,4A2E780833F24EE1AD44269F94303881,CAP
CSO,Courts,5578BECF05D14D7FB599D2A91AF692F3,CAP
CSO,Courts,557BAB0649F34D74BA6EEEC907A28F60,CAP
CSO,Courts,5EFAFAF343E147C0AC07231F229A795E,CAP
CSO,Courts,6574C19A6C8744B8B940CC2BDE1FD7A4,CAP
CSO,Courts,69BE414B57364494915283B0A59A28D5,CAP
CSO,Courts,761129EC4DD644799DDB226D289316A0,CAP
CSO,Courts,8E362FADAA974075A1074179A41EFF16,CAP
CSO,Courts,CA25189278C247CEBE520D47CD981580,CAP
CSO,Courts,CSOACCOUNT1092089503692,CAP
CSO,Courts,CSOACCOUNT1092089682238,CAP
CSO,Courts,CSOACCOUNT1092444445667,CAP
CSO,Courts,CSOACCOUNT1092680627781,CAP
CSO,Courts,0702FB05503446C5A4EFE65990F9FB88,CAP
CSO,Courts,0E0E5C799FEB42968A92A343B21F9C49,CAP
CSO,Courts,1FD3A1620FCA4932A3BC98900F106CBD,CAP
CSO,Courts,21F77DC6CE6948FAA5B4CF204728172D,CAP
CSO,Courts,36C2B00AF8114606AD7FE48DFC5B4706,CAP
CSO,Courts,4636963CED2B4CEFBCA3C92DE71CC091,CAP
CSO,Courts,475E5F6A0C3543529394FF034338C446,CAP
CSO,Courts,47A6B54E7ACA4B5FABD5A688ADBB20E3,CAP
CSO,Courts,70477AAEAA51484BA15FF65583053796,CAP
CSO,Courts,80AD31DA0B8B4E858F05F693CF0B300D,CAP
CSO,Courts,A12EB4D8EB343F4A80B8E4E9534EF,CAP
CSO,Courts,A2DC091BCDB148B0A9A5F7CA1D9B413A,CAP
CSO,Courts,B34FDAF7F07D4D778257688504799582,CAP
CSO,Courts,C5059396672042109D359339CCA49474,CAP
CSO,Courts,C88923E17C0843FCB34E318CDD177A41,CAP
CSO,Courts,CSOACCOUNT1092446070323,CAP
CSO,Courts,CSOACCOUNT1092671086026,CAP
CSO,Courts,CSOACCOUNT1092678574866,CAP
CSO,Courts,CSOACCOUNT1092680713281,CAP
CSO,Courts,45FDD2FC82C24B669B300B38FCDACD2B,CAP
CSO,Courts,51DD9B92E06942728927FD39931C546B,CAP
CSO,Courts,54BLEBYUJYGPJGZOKUYMFHTKR6HZNSVK,CAP
CSO,Courts,55D5EB7D23A24C068D87BA26BA029A64,CAP
CSO,Courts,743126FCE6EB4B5D85285CF82EDF1555,CAP
CSO,Courts,83DDAF914A294844ABCA40CE52CDB80F,CAP
CSO,Courts,90A5E1D595784573B96502F870780B1F,CAP
CSO,Courts,93DFB433B6184C269E01B1D43E063AFA,CAP
CSO,Courts,AC2B01A7F7BC4046B68B3D356F57F0C1,CAP
CSO,Courts,BE750237574B457282B54F0174612146,CAP
CSO,Courts,CB6AA655F7C548BBB6FD8E5F3ACE26C3,CAP
CSO,Courts,CSOACCOUNT1092446017197,CAP
CSO,Courts,CSOACCOUNT1092676718765,CAP
CSO,Courts,183DC290CFDF4D6BA8565A27AB6693D5,CAP
CSO,Courts,1EC0313EF24F422889EA7B49E414CF83,CAP
CSO,Courts,27B891C11767413B8D0F73AC82F29997,CAP
CSO,Courts,373A5062C47D4B99B3A335154BD6157B,CAP
CSO,Courts,3938CEF8534146AEA5D2EFDCDAC622F8,CAP
CSO,Courts,3A2F5724F86D4857A37B9DF78AA9D348,CAP
CSO,Courts,46699AB3213744808BA1E8F5A854BC61,CAP
CSO,Courts,4F4BD520A1FB478F8AA8F9F67BB61AA5,CAP
CSO,Courts,745123CCB6C541D580090C50CF8ED7FA,CAP
CSO,Courts,92043757594A4B1383BF87A1E048406D,CAP
CSO,Courts,A137702CBCA345E3AEA16E0EE2DA7F04,CAP
CSO,Courts,ACC47C2BF2DA478BB8183B22053ED813,CAP
CSO,Courts,C5775E82D3FB491AA9A744EE35E5A22F,CAP
CSO,Courts,CSOACCOUNT1092446929156,CAP
CSO,Courts,CSOACCOUNT1092446954969,CAP
CSO,Courts,CSOACCOUNT1092448372786,CAP
CSO,Courts,CSOACCOUNT1092674635339,CAP
CSO,Courts,CSOACCOUNT1092674674452,CAP
CSO,Courts,CSOACCOUNT1092679452064,CAP
CSO,Courts,14FDA39B0EF84A608CE3BF228166E1D3,CAP
CSO,Courts,5FBC2EB9EB554E1AA5BC48703AA196B0,CAP
CSO,Courts,62618AF5564A4613B439CA136CF03BF2,CAP
CSO,Courts,6A4B967AE8C84E84853B273F00164D1D,CAP
CSO,Courts,77D40C365D704ACDAF3AE9047FFCEDF7,CAP
CSO,Courts,7FC5ECEDCB4D45BF8F43CB27C5C27524,CAP
CSO,Courts,9CA419A2B4D4474796FA9422AA1B4CC7,CAP
CSO,Courts,B8AFAA63215D428C9E9F21A617228BC9,CAP
CSO,Courts,BA589724D21347DE81BAAEE02FA5D495,CAP
CSO,Courts,BE8969C1F93E4113A6B77DD144FEFDB4,CAP
CSO,Courts,CSOACCOUNT1092446534982,CAP
CSO,Courts,153CFBDA8A1842A4B648D0182D51BB04,CAP
CSO,Courts,186B19B4671545EE9FB76BC8DEECD266,CAP
CSO,Courts,1A4595685F964F629CFF44B05F8FBB8D,CAP
CSO,Courts,272E2BFA6ECE465C992B0BDC3C585DB4,CAP
CSO,Courts,2F40A53EE3344CEFAB33BEB924E22500,CAP
CSO,Courts,44AFC3A8ECAF4B41A206DBD1C24D90E6,CAP
CSO,Courts,53993F22BE6743B994F2222ECA1B3BF7,CAP
CSO,Courts,593304C18D064C1EA285793360984F58,CAP
CSO,Courts,5E401F7DCBC6453F9042700D9BF2D437,CAP
CSO,Courts,5E65D311B7244426831C60346A577717,CAP
CSO,Courts,5EDDA22161C043AB9D508158BF4A7828,CAP
CSO,Courts,69C2A4BB03EA48F9880206D428384884,CAP
CSO,Courts,71FF3B8C58C54579A1D5F821EBF34CD5,CAP
CSO,Courts,7A8A11205E2240109F47FD6B7A4DFF7C,CAP
CSO,Courts,899cff6f74545ed370cf8cd450b150f9c199db74,CAP
CSO,Courts,8D340790987F79418DF1D3F3A5FA9,CAP
CSO,Courts,C209917C301C416E9C8B5F3CC51C362B,CAP
CSO,Courts,CF5927DC29694F62AE13577C6CA93D71,CAP
CSO,Courts,CSOACCOUNT1092446441957,CAP
CSO,Courts,CSOACCOUNT1092446472486,CAP
CSO,Courts,CSOACCOUNT1092447503516,CAP
CSO,Courts,14D5A2FB56ED488395D7BE4B7AC19BF5,CAP
CSO,Courts,2AEZ6NRSNYZYT6PUSF6DDZVLJCT4N43B,CAP
CSO,Courts,54FF67CA89D342FFAD20127758E40255,CAP
CSO,Courts,624F3A2FB3814ADC83785BDC6D2AD1AB,CAP
CSO,Courts,692E053195AD40F996AF39AC69840086,CAP
CSO,Courts,7D87ACC66BB042BEADE2C2CC2B059D49,CAP
CSO,Courts,81AFB71F18814C5485B17B811D786038,CAP
CSO,Courts,95C3D9B2506C4DF69692B8733457667B,CAP
CSO,Courts,9858DF42F5D24EC5A77B738C3E2234A8,CAP
CSO,Courts,A198155EDF4D426FA070BE779A4A463A,CAP
CSO,Courts,ADE9F711D8C5402E8F705F0A1D4CC181,CAP
CSO,Courts,B02F2D0F367E4575BC782A414DC9365D,CAP
CSO,Courts,B8C48148965D4F3795E12ED8F285305A,CAP
CSO,Courts,CSOACCOUNT1092676259564,CAP
CSO,Courts,CSOACCOUNT1092680747813,CAP
CSO,Courts,01E242F88A66475586C2F2B13C5445FA,CAP
CSO,Courts,26336072CBA44B6E871B5355D27DF9B3,CAP
CSO,Courts,343F4A80B8E4EA12EB4D8EB9534EF,CAP
CSO,Courts,430D7BAC3F8E4F6EB908250B01FD1CAB,CAP
CSO,Courts,54688A38D18043EEB156FAB687358C46,CAP
CSO,Courts,946D2AA0417741ABB33FEAE049F23362,CAP
CSO,Courts,BC7F1789D78D42809C84AD1B68313CDD,CAP
CSO,Courts,CSOACCOUNT,CAP
CSO,Courts,CSOACCOUNT1092447490595,CAP
CSO,Courts,CSOACCOUNT1092448153135,CAP
CSO,Courts,CSOACCOUNT1092679890832,CAP
CSO,Courts,CSOACCOUNT1092680685109,CAP
CSO,Courts,1,BCONLINE
CSO,Courts,232936,BCONLINE
CSO,Courts,409594,BCONLINE
CSO,Courts,106.0001,AGENCY
CSO,Courts,107.0001,AGENCY
CSO,Courts,108.0001,AGENCY
CSO,Courts,109.0001,AGENCY
CSO,Courts,110.0001,AGENCY
CSO,Courts,111.0001,AGENCY
CSO,Courts,112.0001,AGENCY
CSO,Courts,113.0001,AGENCY
CSO,Courts,114.0001,AGENCY
CSO,Courts,115.0001,AGENCY
CSO,Courts,116.0001,AGENCY
CSO,Courts,117.0001,AGENCY
CSO,Courts,118.0001,AGENCY
CSO,Courts,119.0001,AGENCY
CSO,Courts,120.0001,AGENCY
CSO,Courts,121.0001,AGENCY
CSO,Courts,122.0001,AGENCY
CSO,Courts,123.0001,AGENCY
CSO,Courts,124.0001,AGENCY
CSO,Courts,8805.0001,AGENCY
CSO,Courts,8807.0001,AGENCY
CSO,Courts,8813.0001,AGENCY
CSO,Courts,8823.0001,AGENCY
CSO,Courts,8824.0001,AGENCY
CSO,Courts,8834.0001,AGENCY
CSO,Courts,8837.0001,AGENCY
CSO,Courts,8839.0001,AGENCY
CSO,Courts,8841.0001,AGENCY
CSO,Courts,8844.0001,AGENCY
CSO,Courts,10245.0001,AGENCY
CSO,Courts,10246.0001,AGENCY
CSO,Courts,10247.0001,AGENCY
CSO,Courts,10248.0001,AGENCY
CSO,Courts,10249.0001,AGENCY
CSO,Courts,10250.0001,AGENCY
CSO,Courts,10252.0001,AGENCY
CSO,Courts,10253.0001,AGENCY
CSO,Courts,10254.0001,AGENCY
CSO,Courts,10255.0001,AGENCY
CSO,Courts,10256.0001,AGENCY
CSO,Courts,10257.0001,AGENCY
CSO,Courts,10258.0001,AGENCY
CSO,Courts,10266.0001,AGENCY
CSO,Courts,10267.0001,AGENCY
CSO,Courts,10268.0001,AGENCY
CSO,Courts,10912.0026,AGENCY
CSO,Courts,16164.0026,AGENCY
CSO,Courts,18817.0045,AGENCY
CSO,Courts,19187.0734,AGENCY
CSO,Courts,19227.0734,AGENCY
CSO,Courts,19228.0734,AGENCY
CSO,Courts,22.0001,AGENCY
CSO,Courts,23.0001,AGENCY
CSO,Courts,27.0001,AGENCY
CSO,Courts,28.0001,AGENCY
CSO,Courts,29.0001,AGENCY
CSO,Courts,77.0001,AGENCY
CSO,Courts,78.0001,AGENCY
CSO,Courts,79.0001,AGENCY
CSO,Courts,80.0001,AGENCY
CSO,Courts,81.0001,AGENCY
CSO,Courts,82.0001,AGENCY
CSO,Courts,83.0001,AGENCY
CSO,Courts,84.0001,AGENCY
CSO,Courts,85.0001,AGENCY
CSO,Courts,87.0001,AGENCY
CSO,Courts,88.0001,AGENCY
CSO,Courts,89.0001,AGENCY
CSO,Courts,90.0001,AGENCY
CSO,Courts,91.0001,AGENCY
CSO,Courts,92.0001,AGENCY
CSO,Courts,93.0001,AGENCY
CSO,Courts,94.0001,AGENCY
CSO,Courts,95.0001,AGENCY
CSO,Courts,96.0001,AGENCY
CSO,Courts,104.0001,AGENCY
CSO,Courts,105.0001,AGENCY
CSO,Courts,9062.0001,AGENCY
CSO,Courts,9064.0001,AGENCY
CSO,Courts,9067.0001,AGENCY
CSO,Courts,9068.0001,AGENCY
CSO,Courts,9070.0001,AGENCY
CSO,Courts,9071.0001,AGENCY
CSO,Courts,9072.0001,AGENCY
CSO,Courts,9073.0001,AGENCY
CSO,Courts,9074.0001,AGENCY
CSO,Courts,9075.0001,AGENCY
CSO,Courts,9144.0001,AGENCY
CSO,Courts,9393.0001,AGENCY
CSO,Courts,10230.0001,AGENCY
CSO,Courts,10231.0001,AGENCY
CSO,Courts,10232.0001,AGENCY
CSO,Courts,10233.0001,AGENCY
CSO,Courts,10234.0001,AGENCY
CSO,Courts,10235.0001,AGENCY
CSO,Courts,10236.0001,AGENCY
CSO,Courts,10237.0001,AGENCY
CSO,Courts,10238.0001,AGENCY
CSO,Courts,10239.0001,AGENCY
CSO,Courts,10240.0001,AGENCY
CSO,Courts,10241.0001,AGENCY
CSO,Courts,10243.0001,AGENCY
CSO,Courts,10244.0001,AGENCY
